[{"id":1,"firstName":"Lindon","lastName":"Cappel","email":"lcappel0@cpanel.net","gender":"Male","avatar":"https://robohash.org/commodiametqui.png?size=100x100&set=set1","onlineStatus":"online"},
{"id":2,"firstName":"Stacey","lastName":"Revey","email":"srevey1@wordpress.org","gender":"Female","avatar":"https://robohash.org/hicharumrepellat.png?size=100x100&set=set1","onlineStatus":"busy"},
{"id":3,"firstName":"Cindi","lastName":"Keyworth","email":"ckeyworth2@chronoengine.com","gender":"Female","avatar":"https://robohash.org/expeditanumquamodio.png?size=100x100&set=set1","onlineStatus":"online"},
{"id":4,"firstName":"Gabriela","lastName":"Condon","email":"gcondon3@vimeo.com","gender":"Female","avatar":"https://robohash.org/beataemolestiaedolore.png?size=100x100&set=set1","onlineStatus":"busy"},
{"id":5,"firstName":"Cloe","lastName":"Doe","email":"cdoe4@hexun.com","gender":"Female","avatar":"https://robohash.org/teneturdoloremquenon.png?size=100x100&set=set1","onlineStatus":"offline"},
{"id":6,"firstName":"Mead","lastName":"Niccols","email":"mniccols5@ameblo.jp","gender":"Male","avatar":"https://robohash.org/quoindolore.png?size=100x100&set=set1","onlineStatus":"idle"},
{"id":7,"firstName":"Leopold","lastName":"MacKnight","email":"lmacknight6@timesonline.co.uk","gender":"Male","avatar":"https://robohash.org/doloresvitaeadipisci.png?size=100x100&set=set1","onlineStatus":"online"},
{"id":8,"firstName":"Loni","lastName":"Dumphy","email":"ldumphy7@nationalgeographic.com","gender":"Female","avatar":"https://robohash.org/enimdoloremquelaborum.png?size=100x100&set=set1","onlineStatus":"online"},
{"id":9,"firstName":"Cecil","lastName":"Maffucci","email":"cmaffucci8@patch.com","gender":"Male","avatar":"https://robohash.org/voluptatemaliquamet.png?size=100x100&set=set1","onlineStatus":"idle"},
{"id":10,"firstName":"Wilmette","lastName":"Luckcock","email":"wluckcock9@ustream.tv","gender":"Female","avatar":"https://robohash.org/laborequasnemo.png?size=100x100&set=set1","onlineStatus":"idle"},
{"id":11,"firstName":"Halsy","lastName":"McGeown","email":"hmcgeowna@bloglovin.com","gender":"Male","avatar":"https://robohash.org/minimasedmolestias.png?size=100x100&set=set1","onlineStatus":"busy"},
{"id":12,"firstName":"Jessi","lastName":"Keiley","email":"jkeileyb@examiner.com","gender":"Female","avatar":"https://robohash.org/delenitioccaecatiex.png?size=100x100&set=set1","onlineStatus":"online"},
{"id":13,"firstName":"Maddie","lastName":"Anear","email":"manearc@sfgate.com","gender":"Female","avatar":"https://robohash.org/occaecatietin.png?size=100x100&set=set1","onlineStatus":"busy"},
{"id":14,"firstName":"Patsy","lastName":"Daniel","email":"pdanield@msn.com","gender":"Female","avatar":"https://robohash.org/voluptateshicsit.png?size=100x100&set=set1","onlineStatus":"online"},
{"id":15,"firstName":"Zorah","lastName":"Lalevee","email":"zlaleveee@salon.com","gender":"Female","avatar":"https://robohash.org/nesciuntestqui.png?size=100x100&set=set1","onlineStatus":"online"},
{"id":16,"firstName":"Anatollo","lastName":"Myrie","email":"amyrief@google.cn","gender":"Male","avatar":"https://robohash.org/etharumqui.png?size=100x100&set=set1","onlineStatus":"online"},
{"id":17,"firstName":"Ches","lastName":"Beardwood","email":"cbeardwoodg@csmonitor.com","gender":"Male","avatar":"https://robohash.org/earumnumquamcum.png?size=100x100&set=set1","onlineStatus":"idle"},
{"id":18,"firstName":"Cecil","lastName":"Hould","email":"chouldh@fc2.com","gender":"Female","avatar":"https://robohash.org/evenietimpeditdeserunt.png?size=100x100&set=set1","onlineStatus":"busy"},
{"id":19,"firstName":"Joey","lastName":"Medhurst","email":"jmedhursti@youtube.com","gender":"Male","avatar":"https://robohash.org/quasidassumenda.png?size=100x100&set=set1","onlineStatus":"offline"},
{"id":20,"firstName":"Valdemar","lastName":"Gertray","email":"vgertrayj@comsenz.com","gender":"Male","avatar":"https://robohash.org/faciliseaqueeum.png?size=100x100&set=set1","onlineStatus":"idle"},
{"id":21,"firstName":"Gibby","lastName":"Ryde","email":"grydek@lulu.com","gender":"Male","avatar":"https://robohash.org/eadeserunta.png?size=100x100&set=set1","onlineStatus":"offline"},
{"id":22,"firstName":"Sean","lastName":"Pendlebery","email":"spendleberyl@wsj.com","gender":"Male","avatar":"https://robohash.org/nemoreprehenderitoptio.png?size=100x100&set=set1","onlineStatus":"offline"},
{"id":23,"firstName":"Dennis","lastName":"Rosenshine","email":"drosenshinem@google.ca","gender":"Male","avatar":"https://robohash.org/etaccusantiumminus.png?size=100x100&set=set1","onlineStatus":"online"},
{"id":24,"firstName":"Rockey","lastName":"Stoddart","email":"rstoddartn@bandcamp.com","gender":"Male","avatar":"https://robohash.org/verovoluptatemblanditiis.png?size=100x100&set=set1","onlineStatus":"offline"},
{"id":25,"firstName":"Burch","lastName":"Stapleford","email":"bstaplefordo@mozilla.org","gender":"Male","avatar":"https://robohash.org/eaquisoluta.png?size=100x100&set=set1","onlineStatus":"idle"},
{"id":26,"firstName":"Georas","lastName":"Samsin","email":"gsamsinp@tamu.edu","gender":"Male","avatar":"https://robohash.org/dolorquiconsectetur.png?size=100x100&set=set1","onlineStatus":"busy"},
{"id":27,"firstName":"Abrahan","lastName":"Melwall","email":"amelwallq@wunderground.com","gender":"Male","avatar":"https://robohash.org/architectoatqueipsam.png?size=100x100&set=set1","onlineStatus":"busy"},
{"id":28,"firstName":"Devland","lastName":"Whitebrook","email":"dwhitebrookr@loc.gov","gender":"Male","avatar":"https://robohash.org/doloremquequiaea.png?size=100x100&set=set1","onlineStatus":"online"},
{"id":29,"firstName":"Reginald","lastName":"Cornforth","email":"rcornforths@paginegialle.it","gender":"Male","avatar":"https://robohash.org/saepevoluptateperspiciatis.png?size=100x100&set=set1","onlineStatus":"idle"},
{"id":30,"firstName":"Thaddeus","lastName":"Tumulty","email":"ttumultyt@t-online.de","gender":"Male","avatar":"https://robohash.org/perferendisitaquedolor.png?size=100x100&set=set1","onlineStatus":"offline"},
{"id":31,"firstName":"Dag","lastName":"Sang","email":"dsangu@businesswire.com","gender":"Male","avatar":"https://robohash.org/commodipraesentiumomnis.png?size=100x100&set=set1","onlineStatus":"online"},
{"id":32,"firstName":"Dewie","lastName":"Labeuil","email":"dlabeuilv@nba.com","gender":"Male","avatar":"https://robohash.org/nihiltotamdolorem.png?size=100x100&set=set1","onlineStatus":"idle"},
{"id":33,"firstName":"Maggee","lastName":"Parfitt","email":"mparfittw@xrea.com","gender":"Female","avatar":"https://robohash.org/veniamporrocum.png?size=100x100&set=set1","onlineStatus":"online"},
{"id":34,"firstName":"Godiva","lastName":"Whytock","email":"gwhytockx@dell.com","gender":"Female","avatar":"https://robohash.org/eiusfacerenihil.png?size=100x100&set=set1","onlineStatus":"busy"},
{"id":35,"firstName":"Robyn","lastName":"Bradborne","email":"rbradborney@yahoo.co.jp","gender":"Female","avatar":"https://robohash.org/istenostrumea.png?size=100x100&set=set1","onlineStatus":"idle"},
{"id":36,"firstName":"Filide","lastName":"Cordle","email":"fcordlez@disqus.com","gender":"Female","avatar":"https://robohash.org/reiciendisaliquidquidem.png?size=100x100&set=set1","onlineStatus":"offline"},
{"id":37,"firstName":"Sargent","lastName":"Matches","email":"smatches10@dion.ne.jp","gender":"Male","avatar":"https://robohash.org/ipsamautvoluptas.png?size=100x100&set=set1","onlineStatus":"online"},
{"id":38,"firstName":"Kevan","lastName":"Heeps","email":"kheeps11@ameblo.jp","gender":"Male","avatar":"https://robohash.org/pariaturreiciendisest.png?size=100x100&set=set1","onlineStatus":"offline"},
{"id":39,"firstName":"Flynn","lastName":"Dzeniskevich","email":"fdzeniskevich12@google.com.hk","gender":"Male","avatar":"https://robohash.org/aliasrerumnam.png?size=100x100&set=set1","onlineStatus":"offline"},
{"id":40,"firstName":"Alexis","lastName":"Blandamore","email":"ablandamore13@blog.com","gender":"Female","avatar":"https://robohash.org/expeditanostrumcommodi.png?size=100x100&set=set1","onlineStatus":"idle"},
{"id":41,"firstName":"Bond","lastName":"Hubner","email":"bhubner14@blogtalkradio.com","gender":"Male","avatar":"https://robohash.org/exercitationemquiut.png?size=100x100&set=set1","onlineStatus":"busy"},
{"id":42,"firstName":"Hubey","lastName":"Thurske","email":"hthurske15@vinaora.com","gender":"Male","avatar":"https://robohash.org/quiquibusdamomnis.png?size=100x100&set=set1","onlineStatus":"online"},
{"id":43,"firstName":"Candida","lastName":"Southgate","email":"csouthgate16@google.pl","gender":"Female","avatar":"https://robohash.org/explicaboliberocumque.png?size=100x100&set=set1","onlineStatus":"online"},
{"id":44,"firstName":"Johnathan","lastName":"Tancock","email":"jtancock17@issuu.com","gender":"Male","avatar":"https://robohash.org/quifacereunde.png?size=100x100&set=set1","onlineStatus":"busy"},
{"id":45,"firstName":"Harald","lastName":"Pickle","email":"hpickle18@networkadvertising.org","gender":"Male","avatar":"https://robohash.org/delenitiatquefacere.png?size=100x100&set=set1","onlineStatus":"offline"},
{"id":46,"firstName":"Callean","lastName":"O'Dunneen","email":"codunneen19@woothemes.com","gender":"Male","avatar":"https://robohash.org/culpafacilisqui.png?size=100x100&set=set1","onlineStatus":"offline"},
{"id":47,"firstName":"Carny","lastName":"Newlands","email":"cnewlands1a@infoseek.co.jp","gender":"Male","avatar":"https://robohash.org/cumquereprehenderitnon.png?size=100x100&set=set1","onlineStatus":"busy"},
{"id":48,"firstName":"Alva","lastName":"Mossop","email":"amossop1b@ask.com","gender":"Male","avatar":"https://robohash.org/fugiatperferendisperspiciatis.png?size=100x100&set=set1","onlineStatus":"offline"},
{"id":49,"firstName":"Gradey","lastName":"Birds","email":"gbirds1c@sphinn.com","gender":"Male","avatar":"https://robohash.org/iustoquiadolorem.png?size=100x100&set=set1","onlineStatus":"online"},
{"id":50,"firstName":"Luigi","lastName":"Tetford","email":"ltetford1d@usnews.com","gender":"Male","avatar":"https://robohash.org/sedvoluptatemreiciendis.png?size=100x100&set=set1","onlineStatus":"offline"}]